Title,Link Text,URL
"Architecture, Engineering, and Construction",AEC Overview,https://www.esri.com/en-us/industries/aec/overview
"Architecture, Engineering, and Construction",Environmental Management,https://www.esri.com/en-us/industries/aec/business-areas/environmental-management
"Architecture, Engineering, and Construction",Design and Engineering,https://www.esri.com/en-us/industries/aec/business-areas/design-engineering
"Architecture, Engineering, and Construction",Construction Management,https://www.esri.com/en-us/industries/aec/business-areas/construction-management
"Architecture, Engineering, and Construction",Asset Management,https://www.esri.com/en-us/industries/aec/business-areas/asset-management
Business,Business Overview,https://www.esri.com/en-us/industries/business/overview
Business,Financial Services,https://www.esri.com/en-us/industries/financial/overview
Business,High-Tech Companies,https://www.esri.com/en-us/industries/technology/overview
Business,Insurance,https://www.esri.com/en-us/industries/insurance/overview
Business,Logistics and Distribution,https://www.esri.com/en-us/industries/logistics-distribution/overview
Business,Manufacturing,https://www.esri.com/en-us/industries/manufacturing/overview
Business,Real Estate,https://www.esri.com/en-us/industries/real-estate/overview
Business,Retail,https://www.esri.com/en-us/industries/retail/overview
Conservation,Conservation Overview,https://www.esri.com/en-us/industries/conservation/overview
Conservation,Conservation Land Management,https://www.esri.com/en-us/industries/conservation/strategies/conservation-land-management
Conservation,Landscape Conservation,https://www.esri.com/en-us/industries/conservation/strategies/landscape-conservation
Conservation,Community-Based Conservation,https://www.esri.com/en-us/industries/conservation/strategies/community-conservation
Defense and Intelligence,Defense and Intelligence Overview,https://www.esri.com/en-us/industries/defense-intelligence/overview
Defense and Intelligence,Defense,https://www.esri.com/en-us/industries/defense/overview
Defense and Intelligence,Intelligence,https://www.esri.com/en-us/industries/intelligence/overview
Education,Education Overview,https://www.esri.com/en-us/industries/education/overview
Education,Higher Education,https://www.esri.com/en-us/industries/higher-education/overview
Education,K-12 Education,https://www.esri.com/en-us/industries/k-12-education/overview
Education,Students,https://www.esri.com/en-us/industries/students/overview
Energy Utilities,Energy Utilities Overview,https://www.esri.com/en-us/industries/utilities
Energy Utilities,District Energy,https://www.esri.com/en-us/industries/district-energy/overview
Energy Utilities,Electric,https://www.esri.com/en-us/industries/electric/overview
Energy Utilities,Gas,https://www.esri.com/en-us/industries/gas/overview
Facilities,Facilities Overview,https://www.esri.comhttps://www.esri.com/en-us/industries/facilities/overview
Health and Human Services,Health and Human Services Overview,https://www.esri.com/en-us/industries/health/overview
Health and Human Services,Humans in Crisis,https://www.esri.com/en-us/industries/health/focus-areas/crisis
Health and Human Services,Public Health Preparedness,https://www.esri.com/en-us/industries/health/focus-areas/health-preparedness
Health and Human Services,Health Equity,https://www.esri.com/en-us/industries/health/focus-areas/health-equity
Health and Human Services,Access to Health Care and Services,https://www.esri.com/en-us/industries/health/focus-areas/access-to-care
Health and Human Services,Strategic Planning,https://www.esri.com/en-us/industries/health/focus-areas/strategic-planning
National Government,National Government Overview,https://www.esri.com/en-us/industries/national-government/overview
National Government,Aviation,https://www.esri.com/en-us/industries/aviation/overview
National Government,Defense,https://www.esri.com/en-us/industries/defense/overview
National Government,Earth Sciences,https://www.esri.com/en-us/industries/earth-sciences/overview
National Government,Elections,https://www.esri.com/en-us/industries/elections/overview
National Government,Humanitarian Assistance,https://www.esri.com/en-us/industries/humanitarian/overview
National Government,Intelligence,https://www.esri.com/en-us/industries/intelligence/overview
National Government,National Mapping,https://www.esri.com/en-us/industries/national-mapping/overview
National Government,National Maritime and Hydrography,https://www.esri.com/en-us/industries/national-maritime-hydrography/overview
National Government,Official Statistics,https://www.esri.com/en-us/industries/official-statistics/overview
National Government,Tribal,https://www.esri.com/en-us/industries/tribal/overview
Natural Resources,Natural Resources Overview,https://www.esri.com/en-us/industries/natural-resources/overview
Natural Resources,Agriculture,https://www.esri.com/en-us/industries/agriculture/overview
Natural Resources,Forestry,https://www.esri.com/en-us/industries/forestry/overview
Natural Resources,Mining,https://www.esri.com/en-us/industries/mining/overview
Natural Resources,Petroleum,https://www.esri.com/en-us/industries/petroleum/overview
Natural Resources,Renewables,https://www.esri.com/en-us/industries/renewables/overview
Nonprofit and NGOs,Nonprofit Overview,https://www.esri.com/en-us/industries/nonprofit/overview
Nonprofit and NGOs,Communicate Your Cause,https://www.esri.com/en-us/industries/nonprofit/focus-areas/communicate-your-cause
Nonprofit and NGOs,Understand Your Community,https://www.esri.com/en-us/industries/nonprofit/focus-areas/understand-your-community
Nonprofit and NGOs,Act on Your Mission,https://www.esri.com/en-us/industries/nonprofit/focus-areas/act-on-your-mission
Nonprofit and NGOs,Measure Your Impact,https://www.esri.com/en-us/industries/nonprofit/focus-areas/measure-your-impact
Petroleum,Petroleum Overview,https://www.esri.com/en-us/industries/petroleum/overview
Petroleum,Upstream,https://www.esri.com/en-us/industries/petroleum/segments/upstream
Petroleum,Midstream,https://www.esri.com/en-us/industries/petroleum/segments/midstream
Petroleum,Downstream,https://www.esri.com/en-us/industries/petroleum/segments/downstream
Petroleum,HSE,https://www.esri.com/en-us/industries/petroleum/segments/hse
Petroleum,Renewable Energy,https://www.esri.com/en-us/industries/petroleum/segments/renewables
Petroleum,Technology and Innovation,https://www.esri.com/en-us/industries/petroleum/segments/technology-innovation
Pipeline,Pipeline Overview,https://www.esri.com/en-us/industries/pipeline/overview
Pipeline,"Planning, Design, and Construction",https://www.esri.com/en-us/industries/pipeline/functional-areas/planning-design-and-construction
Pipeline,Asset Management,https://www.esri.com/en-us/industries/pipeline/functional-areas/asset-management
Pipeline,Integrity Management,https://www.esri.com/en-us/industries/pipeline/functional-areas/integrity-management
Pipeline,Operations,https://www.esri.com/en-us/industries/pipeline/functional-areas/operations
Pipeline,HSE,https://www.esri.com/en-us/industries/pipeline/functional-areas/hse
Public Safety,Public Safety Overview,https://www.esri.com/en-us/industries/public-safety/overview
Public Safety,Security Operations,https://www.esri.com/en-us/industries/security-operations/overview
Public Safety,Emergency Communications,https://www.esri.com/en-us/industries/emergency-communications/overview
Public Safety,Emergency Management,https://www.esri.com/en-us/industries/emergency-management/overview
Public Safety,"Fire, Rescue, and Emergency Medical Services",https://www.esri.com/en-us/industries/fire-rescue-ems/overview
Public Safety,Homeland Security,https://www.esri.com/en-us/industries/homeland-security/overview
Public Safety,Humanitarian Assistance,https://www.esri.com/en-us/industries/humanitarian/overview
Public Safety,Law Enforcement,https://www.esri.com/en-us/industries/law-enforcement/overview
Public Safety,Wildland Fire,https://www.esri.com/en-us/industries/wildland-fire/overview
Science,Science Overview,https://www.esri.com/en-us/about/science/overview
Science,Open Science,https://www.esri.com/en-us/about/science/initiatives/open-science
Science,Weather and Climate Science,https://www.esri.com/en-us/about/science/initiatives/weather-climate-science
Science,Ocean Science,https://www.esri.com/en-us/about/science/initiatives/ocean-science
Science,Solid Earth Science,https://www.esri.com/en-us/about/science/initiatives/solid-earth-science
Science,Geographic Information Science,https://www.esri.com/en-us/about/science/initiatives/geographic-information-science
Science,Social Science,https://www.esri.com/en-us/about/science/initiatives/social-science
State and Local Government,State and Local Government Overview,https://www.esri.com/en-us/industries/state-local-government/overview
State and Local Government,Economic Development,https://www.esri.com/en-us/industries/economic-development/overview
State and Local Government,Environmental & Natural Resources Agencies,https://www.esri.com/en-us/industries/environment-natural-resources/overview
State and Local Government,Health and Human Services,https://www.esri.com/en-us/industries/health/overview
State and Local Government,Housing and Homelessness,https://www.esri.com/en-us/industries/housing-homelessness/overview
State and Local Government,Land Administration and Land Records,https://www.esri.com/en-us/industries/land-administration/overview
State and Local Government,Public Works and Engineering,https://www.esri.com/en-us/industries/public-works/overview
State and Local Government,Tribal,https://www.esri.com/en-us/industries/tribal/overview
State and Local Government,Urban and Community Planning,https://www.esri.com/en-us/industries/urban-community-planning/overview
Sustainable Development,Sustainable Development Overview,https://www.esri.com/en-us/industries/sustainable-development/overview
Sustainable Development,Sustainable Development Goals,https://www.esri.com/en-us/industries/sustainable-development/sdg
Telecommunications,Telecommunications Overview,https://www.esri.com/en-us/industries/telecommunications/overview
Telecommunications,Network Operations and Maintenance,https://www.esri.com/en-us/industries/telecommunications/business-areas/network-operations-maintenance
Telecommunications,Sales and Marketing,https://www.esri.com/en-us/industries/telecommunications/business-areas/sales-marketing
Telecommunications,Customer Service,https://www.esri.com/en-us/industries/telecommunications/business-areas/customer-service
Telecommunications,Planning and Engineering,https://www.esri.com/en-us/industries/telecommunications/business-areas/planning-engineering
Telecommunications,Information Technology and Location Services,https://www.esri.com/en-us/industries/telecommunications/business-areas/information-technology-location-services
Transportation,Transportation Overview,https://www.esri.com/en-us/industries/transportation/overview
Transportation,Airports and Aviation,https://www.esri.com/en-us/industries/airports/overview
Transportation,Ports,https://www.esri.com/en-us/industries/ports/overview
Transportation,Rail,https://www.esri.com/en-us/industries/rail/overview
Transportation,Roads and Highways,https://www.esri.com/en-us/industries/roads-highways/overview
Transportation,Transit,https://www.esri.com/en-us/industries/transit/overview
Water,Water Overview,https://www.esri.com/en-us/industries/water
Water,Water Resources,https://www.esri.com/en-us/industries/water-resources/overview
Water,Water Utilities,https://www.esri.com/en-us/industries/water-utilities/overview
